domain,count
Machine Learning,5310
Computer Vision,1074
Natural Language Processing,778
Artificial Intelligence,317
Security & Privacy,235
Robotics,77
Fairness & Accountability,69
Neuroscience,60
Optimization,46
Reinforcement Learning,25
Biotechnology,20
Bioinformatics,17
Quantum Computing,15
Game Theory,14
Privacy & Security,13
Systems,12
Statistics,11
Computer Science,8
Mathematics,8
Speech Processing,7
Medical Imaging,7
Computer Graphics,7
Information Retrieval,7
Algorithms,6
Materials Science,6
Control Systems,5
Drug Discovery,5
Economics,5
Audio Processing,5
Software Engineering,5
Computational Biology,5
Chemistry,4
Data Science,3
Epidemiology,3
Operations Research,3
Cognitive Science,3
Explainable AI,3
Physics,3
Autonomous Systems,3
Finance,2
Speech Recognition,2
Neuromorphic Computing,2
Biological Sciences,2
Quantum Chemistry,2
Computer-Aided Design,2
Environmental Science,2
Communications,2
Biology,2
Natural Sciences,2
Data Privacy,2
Computational Neuroscience,2
Graph Theory,2
Healthcare,2
Neurobiology,1
Computational Fluid Dynamics,1
Structural Biology,1
Pharmaceutical Sciences,1
Health Informatics,1
AI Safety,1
Computer Engineering,1
Quantum Machine Learning,1
Numerical Optimization,1
Computational Chemistry,1
Intellectual Property,1
Privacy,1
Recommender Systems,1
Astrophysics,1
Biological Imaging,1
Materials Informatics,1
Formal Verification,1
Urban Planning,1
Chemical Engineering,1
Financial Engineering,1
Brain-Computer Interfaces,1
Database Systems,1
Data Analytics,1
Cognitive Neuroscience,1
Wireless Communications,1
Bioengineering,1
Mathematical Optimization,1
Psychiatry,1
Human-Computer Interaction,1
Programming Languages,1
Biomedical Research,1
Ethics in AI,1
Distributed Computing,1
Geospatial Analysis,1
Computer Architecture,1
Network Science,1
Biomedical Informatics,1
Decision Theory,1
Molecular Dynamics,1
Signal Processing,1
Geospatial Data Science,1
Climate Science,1
Computational Linguistics,1
Life Sciences,1
Theoretical Computer Science,1
